candles,code,message,s
"[1735703100, 23637.65, 23683.6, 23607.05, 23675.65, 0]",200,,ok
"[1735703400, 23673.1, 23678.75, 23627.35, 23629.65, 0]",200,,ok
"[1735703700, 23629.9, 23644.05, 23625.4, 23640.85, 0]",200,,ok
"[1735704000, 23640.75, 23650.05, 23610.55, 23617, 0]",200,,ok
"[1735704300, 23617.55, 23633.7, 23613.3, 23629, 0]",200,,ok
"[1735704600, 23628.65, 23632.5, 23598.4, 23610.6, 0]",200,,ok
"[1735704900, 23609.35, 23609.35, 23565.7, 23570.65, 0]",200,,ok
"[1735705200, 23571.45, 23580.85, 23564.3, 23568.7, 0]",200,,ok
"[1735705500, 23569.05, 23598.4, 23562.8, 23592.05, 0]",200,,ok
"[1735705800, 23591.7, 23606.65, 23576.75, 23578.8, 0]",200,,ok
"[1735706100, 23578.4, 23604.3, 23576.55, 23597.2, 0]",200,,ok
"[1735706400, 23597.3, 23648.25, 23595.85, 23629.6, 0]",200,,ok
"[1735706700, 23629.95, 23637.4, 23616.75, 23631.15, 0]",200,,ok
"[1735707000, 23630.25, 23640.05, 23616.3, 23630.9, 0]",200,,ok
"[1735707300, 23631.5, 23655.15, 23630.05, 23653.25, 0]",200,,ok
"[1735707600, 23651.75, 23659.35, 23644.4, 23648, 0]",200,,ok
"[1735707900, 23647.8, 23676.55, 23638.75, 23662.65, 0]",200,,ok
"[1735708200, 23663.45, 23669.8, 23652.65, 23656.6, 0]",200,,ok
"[1735708500, 23655.55, 23712.7, 23655, 23710.85, 0]",200,,ok
"[1735708800, 23712.85, 23747.25, 23711.9, 23737.5, 0]",200,,ok
"[1735709100, 23736.95, 23749.9, 23733.4, 23739.4, 0]",200,,ok
"[1735709400, 23739.25, 23751.95, 23738.7, 23741.55, 0]",200,,ok
"[1735709700, 23741.05, 23761.5, 23730.75, 23755.35, 0]",200,,ok
"[1735710000, 23754.45, 23758.35, 23741.35, 23754.05, 0]",200,,ok
"[1735710300, 23754.25, 23778.85, 23743.4, 23769.8, 0]",200,,ok
"[1735710600, 23770.45, 23771.4, 23753.65, 23756.15, 0]",200,,ok
"[1735710900, 23756.2, 23768, 23722.25, 23742.9, 0]",200,,ok
"[1735711200, 23741.5, 23749.1, 23710.55, 23710.55, 0]",200,,ok
"[1735711500, 23710.1, 23715.45, 23693.75, 23699.15, 0]",200,,ok
"[1735711800, 23699.65, 23725.5, 23697.25, 23724.45, 0]",200,,ok
"[1735712100, 23724.2, 23735.95, 23707.4, 23708.45, 0]",200,,ok
"[1735712400, 23709.15, 23712.3, 23688.25, 23688.25, 0]",200,,ok
"[1735712700, 23688, 23698.35, 23678.35, 23691.5, 0]",200,,ok
"[1735713000, 23691.1, 23707, 23688.65, 23706.45, 0]",200,,ok
"[1735713300, 23706.6, 23717.95, 23699.3, 23713.85, 0]",200,,ok
"[1735713600, 23714.4, 23718.95, 23702.8, 23714.25, 0]",200,,ok
"[1735713900, 23714.05, 23738.55, 23711.15, 23738.5, 0]",200,,ok
"[1735714200, 23738.95, 23769.8, 23736.6, 23753.45, 0]",200,,ok
"[1735714500, 23753.8, 23763.1, 23744.45, 23748.9, 0]",200,,ok
"[1735714800, 23749.2, 23772.95, 23748.75, 23762, 0]",200,,ok
"[1735715100, 23761.95, 23770.7, 23750.35, 23769.9, 0]",200,,ok
"[1735715400, 23769.9, 23771.7, 23749.95, 23759.9, 0]",200,,ok
"[1735715700, 23760.4, 23771.25, 23751.3, 23760.2, 0]",200,,ok
"[1735716000, 23755.8, 23773, 23752.55, 23757.2, 0]",200,,ok
"[1735716300, 23757.2, 23760.9, 23732.4, 23733.85, 0]",200,,ok
"[1735716600, 23734.15, 23740.85, 23729.45, 23740.85, 0]",200,,ok
"[1735716900, 23740.75, 23742.45, 23734.85, 23737, 0]",200,,ok
"[1735717200, 23737.15, 23737.15, 23718.7, 23727.05, 0]",200,,ok
"[1735717500, 23726.95, 23738.05, 23726.35, 23730.4, 0]",200,,ok
"[1735717800, 23729.7, 23741.9, 23728.95, 23735.65, 0]",200,,ok
"[1735718100, 23735.8, 23747.35, 23731.6, 23744.55, 0]",200,,ok
"[1735718400, 23743.8, 23749.55, 23735.75, 23738.65, 0]",200,,ok
"[1735718700, 23738.8, 23744.4, 23725.3, 23738.95, 0]",200,,ok
"[1735719000, 23738.25, 23752.4, 23737.8, 23749.7, 0]",200,,ok
"[1735719300, 23749.6, 23761.65, 23746.6, 23755.3, 0]",200,,ok
"[1735719600, 23753.9, 23768.95, 23746.25, 23759.9, 0]",200,,ok
"[1735719900, 23760.25, 23785.95, 23753.6, 23785.4, 0]",200,,ok
"[1735720200, 23786.25, 23822.8, 23786.25, 23812.3, 0]",200,,ok
"[1735720500, 23810.75, 23820.9, 23805.45, 23814.25, 0]",200,,ok
"[1735720800, 23815.3, 23815.3, 23783.55, 23789.1, 0]",200,,ok
"[1735721100, 23789.65, 23791.85, 23776.15, 23782.15, 0]",200,,ok
"[1735721400, 23781.75, 23788.2, 23777.4, 23786.5, 0]",200,,ok
"[1735721700, 23786.25, 23789.05, 23770.95, 23779.55, 0]",200,,ok
"[1735722000, 23779.9, 23788.15, 23776.6, 23783.3, 0]",200,,ok
"[1735722300, 23783, 23797.65, 23778.6, 23788.6, 0]",200,,ok
"[1735722600, 23788.75, 23791.5, 23764.6, 23767.5, 0]",200,,ok
"[1735722900, 23767.1, 23768.6, 23751.45, 23758.55, 0]",200,,ok
"[1735723200, 23757.35, 23761.85, 23744.7, 23746.8, 0]",200,,ok
"[1735723500, 23746.75, 23748.4, 23734.75, 23741.2, 0]",200,,ok
"[1735723800, 23741.55, 23748.45, 23729.45, 23739.1, 0]",200,,ok
"[1735724100, 23738.25, 23738.8, 23721.45, 23732.65, 0]",200,,ok
"[1735724400, 23734.3, 23745.5, 23727.9, 23739.95, 0]",200,,ok
"[1735724700, 23739.75, 23749.3, 23733.4, 23744.85, 0]",200,,ok
"[1735725000, 23745.95, 23760.25, 23739.25, 23757.75, 0]",200,,ok
"[1735725300, 23758, 23769.8, 23754.45, 23758.7, 0]",200,,ok
"[1735789500, 23783, 23812.15, 23776.75, 23788.85, 0]",200,,ok
"[1735789800, 23788.2, 23788.2, 23754.4, 23771.7, 0]",200,,ok
"[1735790100, 23771.75, 23788.75, 23764.65, 23766.2, 0]",200,,ok
"[1735790400, 23760.3, 23791.4, 23751.55, 23784.25, 0]",200,,ok
"[1735790700, 23783.7, 23830.75, 23780.4, 23815.05, 0]",200,,ok
"[1735791000, 23816.95, 23842.05, 23811.8, 23826.7, 0]",200,,ok
"[1735791300, 23826.65, 23840.75, 23806.45, 23812.5, 0]",200,,ok
"[1735791600, 23812.65, 23827.55, 23791.8, 23817.85, 0]",200,,ok
"[1735791900, 23818, 23868.5, 23818, 23833.1, 0]",200,,ok
"[1735792200, 23834.05, 23844.45, 23829.3, 23837.35, 0]",200,,ok
"[1735792500, 23837.65, 23857.95, 23837.65, 23842.15, 0]",200,,ok
"[1735792800, 23844.65, 23877.35, 23830, 23834.1, 0]",200,,ok
"[1735793100, 23833, 23868.5, 23830.6, 23860.45, 0]",200,,ok
"[1735793400, 23861.75, 23889.6, 23851.35, 23877.85, 0]",200,,ok
"[1735793700, 23878.15, 23883.2, 23865.65, 23878.5, 0]",200,,ok
"[1735794000, 23878.25, 23880.2, 23866.2, 23869.55, 0]",200,,ok
"[1735794300, 23869.2, 23898.55, 23855.6, 23870.95, 0]",200,,ok
"[1735794600, 23871.05, 23887.6, 23870.6, 23884.2, 0]",200,,ok
"[1735794900, 23884.25, 23924.6, 23878.05, 23913.9, 0]",200,,ok
"[1735795200, 23914.05, 23935.3, 23909.65, 23920.65, 0]",200,,ok
"[1735795500, 23919.95, 23939, 23908.05, 23932.75, 0]",200,,ok
"[1735795800, 23931.95, 23940.45, 23926.9, 23932.05, 0]",200,,ok
"[1735796100, 23931.75, 23963.5, 23921.75, 23946.2, 0]",200,,ok
"[1735796400, 23949.95, 23956.25, 23941.6, 23943.65, 0]",200,,ok
"[1735796700, 23943.8, 23961.05, 23937.25, 23940.1, 0]",200,,ok
"[1735797000, 23940.3, 23953.25, 23927.05, 23950.15, 0]",200,,ok
"[1735797300, 23949.8, 23969.15, 23949.7, 23967.2, 0]",200,,ok
"[1735797600, 23966.65, 23974.15, 23961.7, 23964.05, 0]",200,,ok
"[1735797900, 23964.5, 23964.5, 23955, 23958.45, 0]",200,,ok
"[1735798200, 23958.75, 23960.45, 23944.6, 23958.25, 0]",200,,ok
"[1735798500, 23957.9, 23959.15, 23935.2, 23936.5, 0]",200,,ok
"[1735798800, 23936.55, 23942.4, 23916.95, 23921.15, 0]",200,,ok
"[1735799100, 23920.95, 23937.55, 23916.25, 23937.4, 0]",200,,ok
"[1735799400, 23937.7, 23966.8, 23937.7, 23955.45, 0]",200,,ok
"[1735799700, 23955.15, 23959.55, 23953.7, 23957.1, 0]",200,,ok
"[1735800000, 23957, 23964, 23933.9, 23940.45, 0]",200,,ok
"[1735800300, 23940.9, 23951.3, 23927.35, 23948.65, 0]",200,,ok
"[1735800600, 23949.1, 23959.1, 23947.2, 23959.05, 0]",200,,ok
"[1735800900, 23959.7, 24025.65, 23959.55, 24015.6, 0]",200,,ok
"[1735801200, 24014.85, 24063.4, 24014.2, 24046.75, 0]",200,,ok
"[1735801500, 24046.8, 24056.45, 24035.05, 24052.1, 0]",200,,ok
"[1735801800, 24053.25, 24071.35, 24045.1, 24053.9, 0]",200,,ok
"[1735802100, 24054.65, 24064.75, 24045.15, 24048.55, 0]",200,,ok
"[1735802400, 24048.2, 24072.5, 24036.25, 24065.05, 0]",200,,ok
"[1735802700, 24065.6, 24068.1, 24045.25, 24054.75, 0]",200,,ok
"[1735803000, 24055.65, 24082.4, 24043.45, 24061, 0]",200,,ok
"[1735803300, 24061.2, 24089.95, 24059, 24086.6, 0]",200,,ok
"[1735803600, 24086.4, 24091.2, 24077.2, 24084.75, 0]",200,,ok
"[1735803900, 24085.35, 24110.05, 24081.75, 24106.6, 0]",200,,ok
"[1735804200, 24108.2, 24120.6, 24104.25, 24117.7, 0]",200,,ok
"[1735804500, 24118.2, 24129.75, 24094.65, 24099.85, 0]",200,,ok
"[1735804800, 24099.65, 24116.1, 24084.1, 24109.4, 0]",200,,ok
"[1735805100, 24109.75, 24138.3, 24109.75, 24137, 0]",200,,ok
"[1735805400, 24137.25, 24151.9, 24132.3, 24147.4, 0]",200,,ok
"[1735805700, 24145.55, 24151.3, 24134.15, 24143.05, 0]",200,,ok
"[1735806000, 24142.7, 24144.95, 24129.25, 24137.2, 0]",200,,ok
"[1735806300, 24136.8, 24142.3, 24121.3, 24123.8, 0]",200,,ok
"[1735806600, 24123.4, 24132.45, 24117.95, 24127.9, 0]",200,,ok
"[1735806900, 24127.3, 24148.75, 24120.3, 24145.1, 0]",200,,ok
"[1735807200, 24144.85, 24153.15, 24138.5, 24144.7, 0]",200,,ok
"[1735807500, 24145.05, 24170.85, 24144.85, 24168.1, 0]",200,,ok
"[1735807800, 24169.4, 24186.6, 24165.65, 24167.55, 0]",200,,ok
"[1735808100, 24168.35, 24170.05, 24153.85, 24156.8, 0]",200,,ok
"[1735808400, 24156.45, 24177.6, 24155.35, 24174.55, 0]",200,,ok
"[1735808700, 24174.05, 24186.75, 24171.4, 24179.8, 0]",200,,ok
"[1735809000, 24180.3, 24190.2, 24170.7, 24177.8, 0]",200,,ok
"[1735809300, 24177.15, 24197.9, 24173.25, 24196, 0]",200,,ok
"[1735809600, 24195.75, 24212.95, 24193.6, 24211.35, 0]",200,,ok
"[1735809900, 24210.7, 24226.7, 24201.3, 24208.15, 0]",200,,ok
"[1735810200, 24209.15, 24210.5, 24165.75, 24186.25, 0]",200,,ok
"[1735810500, 24186.95, 24193.2, 24177.4, 24187.85, 0]",200,,ok
"[1735810800, 24188.4, 24194.1, 24184.4, 24186.25, 0]",200,,ok
"[1735811100, 24185.5, 24194.5, 24182.55, 24190.6, 0]",200,,ok
"[1735811400, 24189.45, 24194.1, 24180.85, 24182.1, 0]",200,,ok
"[1735811700, 24181.9, 24186.6, 24164.9, 24167.95, 0]",200,,ok
"[1735875900, 24196.4, 24196.45, 24138.7, 24175.55, 0]",200,,ok
"[1735876200, 24176.05, 24179.3, 24153.9, 24155.85, 0]",200,,ok
"[1735876500, 24153.05, 24153.05, 24126.8, 24133.3, 0]",200,,ok
"[1735876800, 24132.15, 24141.95, 24096.95, 24105.2, 0]",200,,ok
"[1735877100, 24101.5, 24110.75, 24091.4, 24099.9, 0]",200,,ok
"[1735877400, 24100.35, 24128, 24080.3, 24083.4, 0]",200,,ok
"[1735877700, 24081.65, 24101, 24070.05, 24076.25, 0]",200,,ok
"[1735878000, 24076.95, 24085.6, 24059.9, 24072.75, 0]",200,,ok
"[1735878300, 24071.8, 24077.35, 24051.5, 24058.15, 0]",200,,ok
"[1735878600, 24057.9, 24109.3, 24052.9, 24101.75, 0]",200,,ok
"[1735878900, 24100.75, 24111.35, 24059.15, 24063.1, 0]",200,,ok
"[1735879200, 24062.45, 24070.5, 24032.15, 24042.2, 0]",200,,ok
"[1735879500, 24042.45, 24066.95, 24037, 24054.2, 0]",200,,ok
"[1735879800, 24054.3, 24075.7, 24053.8, 24066.95, 0]",200,,ok
"[1735880100, 24066.8, 24068.85, 24042.45, 24047, 0]",200,,ok
"[1735880400, 24046.55, 24047.95, 24021.1, 24024.7, 0]",200,,ok
"[1735880700, 24023.95, 24029.7, 24009.3, 24010.2, 0]",200,,ok
"[1735881000, 24011.85, 24028.85, 24006.75, 24027.2, 0]",200,,ok
"[1735881300, 24027.55, 24035.85, 24013.35, 24035.45, 0]",200,,ok
"[1735881600, 24033.85, 24035.25, 24003.05, 24006.35, 0]",200,,ok
"[1735881900, 24007.6, 24018.05, 24000.25, 24011.6, 0]",200,,ok
"[1735882200, 24010.4, 24025.15, 24008, 24018.15, 0]",200,,ok
"[1735882500, 24018.8, 24053.65, 24017.55, 24038.05, 0]",200,,ok
"[1735882800, 24037.85, 24061.6, 24029.7, 24057.7, 0]",200,,ok
"[1735883100, 24057.6, 24079.15, 24051.45, 24076.15, 0]",200,,ok
"[1735883400, 24076, 24136.9, 24074.15, 24132.55, 0]",200,,ok
"[1735883700, 24133, 24149.9, 24106.1, 24113.2, 0]",200,,ok
"[1735884000, 24113.3, 24123.9, 24090.75, 24100.15, 0]",200,,ok
"[1735884300, 24100.85, 24130.45, 24099.5, 24110.8, 0]",200,,ok
"[1735884600, 24113.2, 24132.25, 24109, 24128.15, 0]",200,,ok
"[1735884900, 24128.8, 24130.1, 24107.55, 24119.95, 0]",200,,ok
"[1735885200, 24118.8, 24128.85, 24107.7, 24125.45, 0]",200,,ok
"[1735885500, 24125.6, 24137.55, 24116.9, 24135.45, 0]",200,,ok
"[1735885800, 24135.8, 24139.95, 24127.25, 24133.25, 0]",200,,ok
"[1735886100, 24133.15, 24133.7, 24093.65, 24096.8, 0]",200,,ok
"[1735886400, 24096.05, 24117.9, 24093.8, 24114.4, 0]",200,,ok
"[1735886700, 24115.1, 24115.1, 24083, 24089.15, 0]",200,,ok
"[1735887000, 24089.85, 24093.45, 24069.75, 24071.75, 0]",200,,ok
"[1735887300, 24072.8, 24082.15, 24058.4, 24059.1, 0]",200,,ok
"[1735887600, 24060.1, 24072.5, 24055.95, 24072.5, 0]",200,,ok
"[1735887900, 24072.45, 24073.2, 24052.25, 24066.4, 0]",200,,ok
"[1735888200, 24066.25, 24087.8, 24059.5, 24076.7, 0]",200,,ok
"[1735888500, 24077.75, 24086.45, 24064.85, 24079.2, 0]",200,,ok
"[1735888800, 24079.1, 24082, 24064.55, 24069, 0]",200,,ok
"[1735889100, 24069, 24087.2, 24063.35, 24082.5, 0]",200,,ok
"[1735889400, 24082.65, 24115.65, 24078.35, 24110.2, 0]",200,,ok
"[1735889700, 24111.85, 24121.6, 24096.55, 24107.4, 0]",200,,ok
"[1735890000, 24107.4, 24111, 24089.75, 24098.25, 0]",200,,ok
"[1735890300, 24097.65, 24104.55, 24082.3, 24101.8, 0]",200,,ok
"[1735890600, 24102.65, 24112.55, 24100.45, 24106.8, 0]",200,,ok
"[1735890900, 24106.35, 24110.5, 24096.75, 24099.05, 0]",200,,ok
"[1735891200, 24098.75, 24106.5, 24088.5, 24089.85, 0]",200,,ok
"[1735891500, 24088.85, 24091.1, 24076.5, 24083.75, 0]",200,,ok
"[1735891800, 24082.5, 24093.85, 24077, 24081.35, 0]",200,,ok
"[1735892100, 24081.65, 24083.2, 24063.55, 24073.95, 0]",200,,ok
"[1735892400, 24073.65, 24075.7, 24063.1, 24069.25, 0]",200,,ok
"[1735892700, 24069.2, 24071.65, 24038.55, 24041.65, 0]",200,,ok
"[1735893000, 24041.25, 24049.8, 24027.35, 24032.6, 0]",200,,ok
"[1735893300, 24032, 24048.8, 24021.2, 24031.6, 0]",200,,ok
"[1735893600, 24031.5, 24046.7, 24023.25, 24031.6, 0]",200,,ok
"[1735893900, 24032.55, 24034.55, 24018.55, 24028.55, 0]",200,,ok
"[1735894200, 24028.85, 24044.4, 24027.85, 24036.8, 0]",200,,ok
"[1735894500, 24036.15, 24047.9, 24030.05, 24043.7, 0]",200,,ok
"[1735894800, 24043.9, 24050.6, 24020, 24037.15, 0]",200,,ok
"[1735895100, 24036.3, 24051.7, 24033.75, 24048.25, 0]",200,,ok
"[1735895400, 24048.55, 24050.05, 24031.95, 24036.95, 0]",200,,ok
"[1735895700, 24036.75, 24053.5, 24036.75, 24045.8, 0]",200,,ok
"[1735896000, 24044.3, 24046.05, 24035.25, 24045.1, 0]",200,,ok
"[1735896300, 24044.4, 24046.25, 24029, 24032.55, 0]",200,,ok
"[1735896600, 24032.85, 24035.2, 24005.35, 24006.85, 0]",200,,ok
"[1735896900, 24005.5, 24010.75, 23976, 24009.95, 0]",200,,ok
"[1735897200, 24010.35, 24019.7, 24003.55, 24008.05, 0]",200,,ok
"[1735897500, 24008.15, 24021.8, 23991.15, 23999.4, 0]",200,,ok
"[1735897800, 24000.3, 24008.85, 23992.7, 23995.4, 0]",200,,ok
"[1735898100, 23995.95, 24000.25, 23976.75, 23990.15, 0]",200,,ok
"[1736135100, 24045.8, 24054.35, 24018.15, 24034.05, 0]",200,,ok
"[1736135400, 24031.8, 24087.75, 24016.4, 24080.6, 0]",200,,ok
"[1736135700, 24080.75, 24089.95, 24030.7, 24036.15, 0]",200,,ok
"[1736136000, 24035.65, 24071.5, 24014, 24026.25, 0]",200,,ok
"[1736136300, 24023.6, 24025.25, 23975, 24020.9, 0]",200,,ok
"[1736136600, 24019.6, 24021.75, 23947.75, 23948.35, 0]",200,,ok
"[1736136900, 23947.55, 23962.45, 23911.45, 23962.1, 0]",200,,ok
"[1736137200, 23962.75, 23964.7, 23928.1, 23928.9, 0]",200,,ok
"[1736137500, 23930.25, 23967.65, 23918.45, 23942, 0]",200,,ok
"[1736137800, 23942.25, 24017.9, 23942.25, 23997.35, 0]",200,,ok
"[1736138100, 23995.95, 24027, 23983.15, 24021.5, 0]",200,,ok
"[1736138400, 24023.65, 24030.4, 24007.25, 24025.7, 0]",200,,ok
"[1736138700, 24024, 24054.3, 24011.15, 24015.95, 0]",200,,ok
"[1736139000, 24015.05, 24015.95, 23972.85, 23975.55, 0]",200,,ok
"[1736139300, 23974.45, 23986.5, 23966.75, 23966.95, 0]",200,,ok
"[1736139600, 23966.9, 23966.9, 23937.9, 23938.6, 0]",200,,ok
"[1736139900, 23939.25, 23948.6, 23918.1, 23924.1, 0]",200,,ok
"[1736140200, 23923.95, 23929.65, 23880.15, 23882.95, 0]",200,,ok
"[1736140500, 23882.4, 23882.9, 23854.6, 23866.35, 0]",200,,ok
"[1736140800, 23866.75, 23866.9, 23827.7, 23834.85, 0]",200,,ok
"[1736141100, 23834.25, 23847.5, 23820, 23831.5, 0]",200,,ok
"[1736141400, 23831.05, 23837.4, 23807.1, 23807.5, 0]",200,,ok
"[1736141700, 23808.25, 23823.7, 23792.3, 23793, 0]",200,,ok
"[1736142000, 23793, 23793.8, 23726.6, 23745.1, 0]",200,,ok
"[1736142300, 23744.3, 23764.95, 23716.8, 23764.95, 0]",200,,ok
"[1736142600, 23765.6, 23779, 23733.9, 23752.3, 0]",200,,ok
"[1736142900, 23751.85, 23786.55, 23742.7, 23782.35, 0]",200,,ok
"[1736143200, 23782.75, 23800.35, 23768.45, 23768.45, 0]",200,,ok
"[1736143500, 23769.4, 23791.45, 23758.75, 23769.15, 0]",200,,ok
"[1736143800, 23769.15, 23770.55, 23708.85, 23708.85, 0]",200,,ok
"[1736144100, 23708.45, 23709.15, 23633.2, 23640.9, 0]",200,,ok
"[1736144400, 23644.95, 23656.5, 23620.25, 23627.2, 0]",200,,ok
"[1736144700, 23627.2, 23629.5, 23601.5, 23608.15, 0]",200,,ok
"[1736145000, 23609.9, 23685.45, 23609.9, 23666.6, 0]",200,,ok
"[1736145300, 23666, 23707.15, 23658.55, 23683.45, 0]",200,,ok
"[1736145600, 23683.3, 23727.6, 23683.15, 23719.8, 0]",200,,ok
"[1736145900, 23719.35, 23731, 23685.25, 23691.05, 0]",200,,ok
"[1736146200, 23689.1, 23726.05, 23688.9, 23704.6, 0]",200,,ok
"[1736146500, 23704.7, 23715.35, 23679.05, 23679.05, 0]",200,,ok
"[1736146800, 23679.2, 23722.15, 23679.2, 23712.6, 0]",200,,ok
"[1736147100, 23712.35, 23753.45, 23707.3, 23747.8, 0]",200,,ok
"[1736147400, 23747.45, 23768.75, 23733.1, 23740.5, 0]",200,,ok
"[1736147700, 23740.65, 23760.85, 23727.9, 23751.9, 0]",200,,ok
"[1736148000, 23751.4, 23755.65, 23727.65, 23737.5, 0]",200,,ok
"[1736148300, 23735.75, 23770.45, 23730.65, 23769.55, 0]",200,,ok
"[1736148600, 23768.15, 23779.15, 23739.05, 23749.75, 0]",200,,ok
"[1736148900, 23748, 23754.05, 23728, 23733.7, 0]",200,,ok
"[1736149200, 23732.55, 23740.7, 23704.35, 23714.7, 0]",200,,ok
"[1736149500, 23714.6, 23714.6, 23679.5, 23682.55, 0]",200,,ok
"[1736149800, 23683.75, 23691.2, 23661.9, 23664.25, 0]",200,,ok
"[1736150100, 23665.5, 23680.25, 23662.15, 23669.7, 0]",200,,ok
"[1736150400, 23672.1, 23672.1, 23619.15, 23643.55, 0]",200,,ok
"[1736150700, 23645.15, 23675.35, 23645.15, 23667.85, 0]",200,,ok
"[1736151000, 23667.95, 23676.65, 23640.9, 23648.75, 0]",200,,ok
"[1736151300, 23648.9, 23661.15, 23633.75, 23633.75, 0]",200,,ok
"[1736151600, 23635.15, 23636.85, 23604.2, 23605.35, 0]",200,,ok
"[1736151900, 23606.15, 23639, 23602.6, 23632.2, 0]",200,,ok
"[1736152200, 23633.75, 23651, 23626.2, 23641.05, 0]",200,,ok
"[1736152500, 23642.9, 23665.2, 23634.2, 23662, 0]",200,,ok
"[1736152800, 23663.35, 23665.95, 23620.4, 23623.85, 0]",200,,ok
"[1736153100, 23624.4, 23660.1, 23618.2, 23651.05, 0]",200,,ok
"[1736153400, 23650.7, 23660.2, 23636.5, 23638.85, 0]",200,,ok
"[1736153700, 23639.4, 23640.75, 23613.05, 23614.65, 0]",200,,ok
"[1736154000, 23615.15, 23620.35, 23588.15, 23593.85, 0]",200,,ok
"[1736154300, 23595, 23601.9, 23562.6, 23565.2, 0]",200,,ok
"[1736154600, 23565.4, 23585.85, 23551.9, 23573.3, 0]",200,,ok
"[1736154900, 23574.7, 23610.7, 23572.35, 23605.1, 0]",200,,ok
"[1736155200, 23606.1, 23631.6, 23599.55, 23628, 0]",200,,ok
"[1736155500, 23628.6, 23644.05, 23612.15, 23643.05, 0]",200,,ok
"[1736155800, 23644.2, 23653.8, 23625.9, 23626.65, 0]",200,,ok
"[1736156100, 23628.15, 23641.95, 23617.95, 23641.45, 0]",200,,ok
"[1736156400, 23642.55, 23648, 23580.85, 23585.6, 0]",200,,ok
"[1736156700, 23587.15, 23600, 23580.15, 23599.45, 0]",200,,ok
"[1736157000, 23600.6, 23623.9, 23599.5, 23619.45, 0]",200,,ok
"[1736157300, 23619.75, 23636.95, 23618.5, 23629.6, 0]",200,,ok
"[1736221500, 23679.9, 23774.15, 23679.85, 23754, 0]",200,,ok
"[1736221800, 23754.6, 23769.8, 23718.8, 23764, 0]",200,,ok
"[1736222100, 23765.1, 23776.25, 23722, 23756.65, 0]",200,,ok
"[1736222400, 23761, 23780.25, 23739.7, 23775.95, 0]",200,,ok
"[1736222700, 23775.6, 23784.35, 23764.1, 23780, 0]",200,,ok
"[1736223000, 23781.4, 23795.2, 23779.75, 23783.5, 0]",200,,ok
"[1736223300, 23783.25, 23784.45, 23669.7, 23675.65, 0]",200,,ok
"[1736223600, 23674.55, 23701.8, 23664, 23687.05, 0]",200,,ok
"[1736223900, 23687.45, 23701.25, 23663.3, 23678.75, 0]",200,,ok
"[1736224200, 23678.5, 23700.8, 23648, 23650.2, 0]",200,,ok
"[1736224500, 23650.8, 23671.45, 23638, 23638, 0]",200,,ok
"[1736224800, 23639, 23745.9, 23637.8, 23745.9, 0]",200,,ok
"[1736225100, 23749.4, 23768.05, 23721.4, 23737.6, 0]",200,,ok
"[1736225400, 23737.65, 23744.45, 23717.5, 23727.2, 0]",200,,ok
"[1736225700, 23727.4, 23759.75, 23725.6, 23758.85, 0]",200,,ok
"[1736226000, 23758.9, 23760.85, 23736.65, 23740.45, 0]",200,,ok
"[1736226300, 23740.8, 23755.2, 23725.2, 23725.2, 0]",200,,ok
"[1736226600, 23725.35, 23742.9, 23723.55, 23742.45, 0]",200,,ok
"[1736226900, 23742.65, 23766.8, 23739.1, 23754.6, 0]",200,,ok
"[1736227200, 23754.45, 23756.55, 23708.1, 23710.6, 0]",200,,ok
"[1736227500, 23711.45, 23726.05, 23708.7, 23724.85, 0]",200,,ok
"[1736227800, 23725.4, 23747.35, 23725.4, 23743.4, 0]",200,,ok
"[1736228100, 23742.45, 23749.85, 23715.95, 23719.4, 0]",200,,ok
"[1736228400, 23719.05, 23731.65, 23713.15, 23731.65, 0]",200,,ok
"[1736228700, 23731.85, 23737.35, 23718.05, 23735.85, 0]",200,,ok
"[1736229000, 23735.7, 23745.15, 23725.8, 23741.2, 0]",200,,ok
"[1736229300, 23740.65, 23756.9, 23738.25, 23748.85, 0]",200,,ok
"[1736229600, 23749, 23770.5, 23740.55, 23760.35, 0]",200,,ok
"[1736229900, 23760.25, 23766.3, 23754.4, 23754.4, 0]",200,,ok
"[1736230200, 23754.3, 23759.5, 23744.4, 23744.45, 0]",200,,ok
"[1736230500, 23745.1, 23751.95, 23736.05, 23740.1, 0]",200,,ok
"[1736230800, 23739.9, 23759.35, 23739.65, 23757.7, 0]",200,,ok
"[1736231100, 23758.45, 23761.55, 23737.4, 23738.3, 0]",200,,ok
"[1736231400, 23738.75, 23743.8, 23722, 23728.45, 0]",200,,ok
"[1736231700, 23728.95, 23740.8, 23724.95, 23731.35, 0]",200,,ok
"[1736232000, 23731.15, 23733.85, 23712.95, 23720, 0]",200,,ok
"[1736232300, 23720.55, 23731.1, 23715.3, 23718, 0]",200,,ok
"[1736232600, 23718.1, 23719.5, 23708.5, 23717.6, 0]",200,,ok
"[1736232900, 23717.6, 23729.15, 23715.55, 23720.4, 0]",200,,ok
"[1736233200, 23720.8, 23735.8, 23717.6, 23728.6, 0]",200,,ok
"[1736233500, 23728.9, 23735.7, 23719.15, 23720.95, 0]",200,,ok
"[1736233800, 23720.95, 23735.5, 23718.35, 23731.35, 0]",200,,ok
"[1736234100, 23731.65, 23742.7, 23724.5, 23736.95, 0]",200,,ok
"[1736234400, 23737.4, 23742.7, 23730.55, 23738.25, 0]",200,,ok
"[1736234700, 23738.25, 23741.45, 23719.85, 23726.95, 0]",200,,ok
"[1736235000, 23727.8, 23732.05, 23718.95, 23722.35, 0]",200,,ok
"[1736235300, 23722.5, 23738, 23720.35, 23735.15, 0]",200,,ok
"[1736235600, 23734.85, 23738.6, 23724.1, 23726.65, 0]",200,,ok
"[1736235900, 23727.65, 23730.85, 23718.05, 23718.2, 0]",200,,ok
"[1736236200, 23718.5, 23729.35, 23713.75, 23721.3, 0]",200,,ok
"[1736236500, 23721.55, 23733.65, 23716.25, 23730.8, 0]",200,,ok
"[1736236800, 23730.1, 23761.95, 23729.05, 23759.7, 0]",200,,ok
"[1736237100, 23759.85, 23759.85, 23740.3, 23742.95, 0]",200,,ok
"[1736237400, 23743.1, 23750.05, 23728, 23729.75, 0]",200,,ok
"[1736237700, 23730.4, 23743.25, 23716.8, 23719.55, 0]",200,,ok
"[1736238000, 23720.1, 23725.75, 23693.25, 23699.15, 0]",200,,ok
"[1736238300, 23701.75, 23708.5, 23686.9, 23689.15, 0]",200,,ok
"[1736238600, 23689.4, 23705.85, 23687.8, 23698.25, 0]",200,,ok
"[1736238900, 23698.35, 23719.75, 23693, 23714.55, 0]",200,,ok
"[1736239200, 23713.8, 23728.25, 23707.2, 23720.25, 0]",200,,ok
"[1736239500, 23720.2, 23733.7, 23713.05, 23730.25, 0]",200,,ok
"[1736239800, 23730.45, 23732.55, 23714.05, 23717.6, 0]",200,,ok
"[1736240100, 23718.05, 23718.35, 23705.55, 23710.7, 0]",200,,ok
"[1736240400, 23709.75, 23712.05, 23699.75, 23710.35, 0]",200,,ok
"[1736240700, 23709.55, 23710.85, 23692.4, 23694.65, 0]",200,,ok
"[1736241000, 23694.95, 23705.7, 23692.45, 23696.9, 0]",200,,ok
"[1736241300, 23696.95, 23710.9, 23684.35, 23700.1, 0]",200,,ok
"[1736241600, 23700.45, 23710, 23697.1, 23705.7, 0]",200,,ok
"[1736241900, 23706.45, 23728.6, 23699.95, 23720.55, 0]",200,,ok
"[1736242200, 23723.1, 23737, 23704.75, 23714.45, 0]",200,,ok
"[1736242500, 23714.5, 23714.5, 23701.6, 23706.65, 0]",200,,ok
"[1736242800, 23708.7, 23722.95, 23697.7, 23704.45, 0]",200,,ok
"[1736243100, 23703.95, 23712.05, 23694.65, 23707.55, 0]",200,,ok
"[1736243400, 23707.3, 23707.55, 23696.15, 23703.6, 0]",200,,ok
"[1736243700, 23702.4, 23708.4, 23686.8, 23694.6, 0]",200,,ok
"[1736307900, 23746.65, 23751.85, 23676.6, 23680.1, 0]",200,,ok
"[1736308200, 23679.5, 23680.9, 23645.45, 23654.75, 0]",200,,ok
"[1736308500, 23655.2, 23665.7, 23632.35, 23638.7, 0]",200,,ok
"[1736308800, 23637.8, 23659.1, 23628.15, 23629.05, 0]",200,,ok
"[1736309100, 23628, 23688.2, 23626.7, 23669.8, 0]",200,,ok
"[1736309400, 23670.45, 23697.45, 23647.6, 23650.2, 0]",200,,ok
"[1736309700, 23650.1, 23653.55, 23622.2, 23626.4, 0]",200,,ok
"[1736310000, 23628, 23681.2, 23625.45, 23677.85, 0]",200,,ok
"[1736310300, 23678.55, 23691.15, 23655.2, 23670.05, 0]",200,,ok
"[1736310600, 23670.15, 23680.55, 23657.85, 23676.05, 0]",200,,ok
"[1736310900, 23676, 23685, 23643.95, 23643.95, 0]",200,,ok
"[1736311200, 23645.05, 23669.55, 23643.55, 23669.2, 0]",200,,ok
"[1736311500, 23670.9, 23684.25, 23664.55, 23664.55, 0]",200,,ok
"[1736311800, 23665.55, 23665.55, 23600.7, 23602.3, 0]",200,,ok
"[1736312100, 23601.65, 23610.85, 23578.6, 23607.65, 0]",200,,ok
"[1736312400, 23607.45, 23614.1, 23594.25, 23600.15, 0]",200,,ok
"[1736312700, 23600.75, 23611.2, 23587.2, 23594.95, 0]",200,,ok
"[1736313000, 23593.2, 23597.5, 23553.65, 23554.75, 0]",200,,ok
"[1736313300, 23553.4, 23581.7, 23551.45, 23579.75, 0]",200,,ok
"[1736313600, 23579.7, 23583.25, 23569.85, 23571.95, 0]",200,,ok
"[1736313900, 23572.75, 23580.1, 23565.55, 23575.65, 0]",200,,ok
"[1736314200, 23575.85, 23588.8, 23563.65, 23570.15, 0]",200,,ok
"[1736314500, 23570.2, 23577.55, 23560.15, 23569.55, 0]",200,,ok
"[1736314800, 23569.9, 23583.35, 23568, 23573, 0]",200,,ok
"[1736315100, 23572.15, 23581.05, 23553.7, 23575.8, 0]",200,,ok
"[1736315400, 23575.55, 23575.55, 23535.35, 23546.8, 0]",200,,ok
"[1736315700, 23547.2, 23586.1, 23546.2, 23580.75, 0]",200,,ok
"[1736316000, 23581.35, 23599.1, 23575.2, 23594, 0]",200,,ok
"[1736316300, 23591.5, 23603.7, 23576.05, 23579.55, 0]",200,,ok
"[1736316600, 23580.85, 23587.2, 23569.1, 23572, 0]",200,,ok
"[1736316900, 23571.6, 23572.8, 23559.6, 23566.15, 0]",200,,ok
"[1736317200, 23565.3, 23567.8, 23547.15, 23552.7, 0]",200,,ok
"[1736317500, 23552.7, 23565.4, 23551.55, 23553.6, 0]",200,,ok
"[1736317800, 23553.55, 23553.9, 23532.5, 23544.25, 0]",200,,ok
"[1736318100, 23545.2, 23552, 23531.8, 23546.2, 0]",200,,ok
"[1736318400, 23546.2, 23551.55, 23525.45, 23526.75, 0]",200,,ok
"[1736318700, 23526.55, 23544.5, 23523.65, 23544.5, 0]",200,,ok
"[1736319000, 23544.8, 23559.2, 23543, 23553.4, 0]",200,,ok
"[1736319300, 23553.4, 23555.45, 23526.9, 23533, 0]",200,,ok
"[1736319600, 23532.5, 23537.05, 23506.7, 23510.15, 0]",200,,ok
"[1736319900, 23511, 23521.1, 23496.15, 23515.85, 0]",200,,ok
"[1736320200, 23520.15, 23533.25, 23501.65, 23533.25, 0]",200,,ok
"[1736320500, 23534.3, 23544.75, 23517.3, 23519.7, 0]",200,,ok
"[1736320800, 23521.75, 23538.25, 23518.7, 23535.45, 0]",200,,ok
"[1736321100, 23537.55, 23537.55, 23529.1, 23531.9, 0]",200,,ok
