date,open,high,low,close,volume
2024-12-30 09:20:00+05:30,465.5,465.5,465.5,465.5,75
2024-12-30 09:25:00+05:30,465.5,465.5,465.5,465.5,0
2024-12-30 09:30:00+05:30,465.5,465.5,435.0,435.0,75
2024-12-30 09:35:00+05:30,435.0,435.0,434.0,434.0,75
2024-12-30 09:40:00+05:30,434.0,434.0,434.0,434.0,0
2024-12-30 09:45:00+05:30,434.0,434.0,425.0,425.0,300
2024-12-30 09:50:00+05:30,425.0,425.0,425.0,425.0,0
2024-12-30 09:55:00+05:30,425.0,451.9,425.0,427.0,750
2024-12-30 10:00:00+05:30,427.0,427.0,427.0,427.0,0
2024-12-30 10:05:00+05:30,427.0,427.0,427.0,427.0,0
2024-12-30 10:10:00+05:30,427.0,427.0,427.0,427.0,0
2024-12-30 10:15:00+05:30,427.0,427.0,427.0,427.0,0
2024-12-30 10:20:00+05:30,427.0,427.0,427.0,427.0,0
2024-12-30 10:25:00+05:30,427.0,427.0,427.0,427.0,0
2024-12-30 10:30:00+05:30,427.0,427.0,427.0,427.0,0
2024-12-30 10:35:00+05:30,427.0,427.0,427.0,427.0,0
2024-12-30 10:40:00+05:30,427.0,427.0,427.0,427.0,0
2024-12-30 10:45:00+05:30,427.0,427.0,427.0,427.0,0
2024-12-30 10:50:00+05:30,427.0,427.0,427.0,427.0,0
2024-12-30 10:55:00+05:30,427.0,427.0,427.0,427.0,0
2024-12-30 11:00:00+05:30,427.0,427.0,427.0,427.0,0
2024-12-30 11:05:00+05:30,427.0,472.75,427.0,472.75,150
2024-12-30 11:10:00+05:30,472.75,472.75,472.75,472.75,0
2024-12-30 11:15:00+05:30,472.75,472.75,465.5,466.0,375
2024-12-30 11:20:00+05:30,466.0,466.0,466.0,466.0,0
2024-12-30 11:25:00+05:30,466.0,466.0,466.0,466.0,0
2024-12-30 11:30:00+05:30,466.0,466.0,466.0,466.0,0
2024-12-30 11:35:00+05:30,466.0,466.0,466.0,466.0,0
2024-12-30 11:40:00+05:30,466.0,466.0,466.0,466.0,0
2024-12-30 11:45:00+05:30,466.0,557.1,466.0,553.3,150
2024-12-30 11:50:00+05:30,553.3,553.3,553.3,553.3,0
2024-12-30 11:55:00+05:30,553.3,553.3,553.3,553.3,0
2024-12-30 12:00:00+05:30,553.3,553.3,553.3,553.3,0
2024-12-30 12:05:00+05:30,553.3,553.3,553.3,553.3,0
2024-12-30 12:10:00+05:30,553.3,553.3,553.3,553.3,0
2024-12-30 12:15:00+05:30,553.3,553.3,553.3,553.3,0
2024-12-30 12:20:00+05:30,553.3,553.3,553.3,553.3,0
2024-12-30 12:25:00+05:30,553.3,553.3,541.2,541.2,75
2024-12-30 12:30:00+05:30,487.2,487.2,487.2,487.2,75
2024-12-30 12:35:00+05:30,487.2,487.2,487.2,487.2,0
2024-12-30 12:40:00+05:30,487.2,487.2,487.2,487.2,0
2024-12-30 12:45:00+05:30,487.2,487.2,487.2,487.2,0
2024-12-30 12:50:00+05:30,487.2,487.2,487.2,487.2,0
2024-12-30 12:55:00+05:30,487.2,487.2,487.2,487.2,0
2024-12-30 13:00:00+05:30,487.2,487.2,487.2,487.2,0
2024-12-30 13:05:00+05:30,487.2,487.2,487.2,487.2,0
2024-12-30 13:10:00+05:30,487.2,487.2,487.2,487.2,0
2024-12-30 13:15:00+05:30,487.2,487.2,487.2,487.2,0
2024-12-30 13:20:00+05:30,487.2,487.2,487.2,487.2,0
2024-12-30 13:25:00+05:30,487.2,487.2,487.2,487.2,0
2024-12-30 13:30:00+05:30,487.2,487.2,415.0,415.0,225
2024-12-30 13:35:00+05:30,415.0,415.0,409.5,409.5,300
2024-12-30 13:40:00+05:30,409.5,410.0,406.0,406.5,750
2024-12-30 13:45:00+05:30,405.0,405.0,399.5,399.5,525
2024-12-30 13:50:00+05:30,399.5,401.0,385.0,390.5,825
2024-12-30 13:55:00+05:30,390.5,397.5,389.45,389.45,1200
2024-12-30 14:00:00+05:30,389.45,389.45,375.5,380.0,900
2024-12-30 14:05:00+05:30,380.0,394.4,380.0,386.5,1050
2024-12-30 14:10:00+05:30,386.5,386.5,379.0,384.45,525
2024-12-30 14:15:00+05:30,384.45,384.45,384.45,384.45,0
2024-12-30 14:20:00+05:30,384.45,384.45,373.0,373.0,75
2024-12-30 14:25:00+05:30,373.0,380.0,373.0,376.0,300
2024-12-30 14:30:00+05:30,376.0,395.3,376.0,393.05,525
2024-12-30 14:35:00+05:30,393.05,393.05,393.05,393.05,0
2024-12-30 14:40:00+05:30,393.05,395.0,393.05,395.0,150
2024-12-30 14:45:00+05:30,395.0,405.0,395.0,402.85,150
2024-12-30 14:50:00+05:30,402.85,402.85,402.85,402.85,0
2024-12-30 14:55:00+05:30,402.85,402.85,402.85,402.85,0
2024-12-30 15:00:00+05:30,402.85,419.95,382.55,382.55,450
2024-12-30 15:05:00+05:30,382.55,383.45,382.55,383.45,75
2024-12-30 15:10:00+05:30,383.45,383.45,366.8,372.5,225
2024-12-30 15:15:00+05:30,372.5,372.5,372.5,372.5,0
2024-12-30 15:20:00+05:30,372.5,403.95,372.5,403.95,75
2024-12-30 15:25:00+05:30,403.95,403.95,399.4,399.4,975
2024-12-31 09:15:00+05:30,302.15,310.4,295.85,307.25,13350
2024-12-31 09:20:00+05:30,302.0,302.6,290.9,294.45,5475
2024-12-31 09:25:00+05:30,294.45,298.0,285.8,295.6,3600
2024-12-31 09:30:00+05:30,295.2,308.5,295.2,303.65,3000
2024-12-31 09:35:00+05:30,304.0,332.4,301.45,331.55,9150
2024-12-31 09:40:00+05:30,331.55,332.95,275.55,296.0,4875
2024-12-31 09:45:00+05:30,296.0,296.0,280.0,287.35,5250
2024-12-31 09:50:00+05:30,284.45,290.4,277.85,287.4,3000
2024-12-31 09:55:00+05:30,287.4,303.3,282.0,296.1,4425
2024-12-31 10:00:00+05:30,301.95,305.0,286.0,292.3,3900
2024-12-31 10:05:00+05:30,292.3,292.3,267.25,267.25,7500
2024-12-31 10:10:00+05:30,268.8,270.2,260.0,266.35,12075
2024-12-31 10:15:00+05:30,267.45,300.0,266.9,298.05,13800
2024-12-31 10:20:00+05:30,298.05,319.55,288.7,311.0,13650
2024-12-31 10:25:00+05:30,313.45,325.05,286.8,298.15,9300
2024-12-31 10:30:00+05:30,298.15,307.75,298.15,304.95,2175
2024-12-31 10:35:00+05:30,304.95,320.0,304.95,313.7,3075
2024-12-31 10:40:00+05:30,313.7,318.45,311.85,318.0,1275
2024-12-31 10:45:00+05:30,320.0,320.0,301.7,314.0,2100
2024-12-31 10:50:00+05:30,314.0,355.55,305.35,355.55,11475
2024-12-31 10:55:00+05:30,356.4,366.25,336.9,336.9,3600
2024-12-31 11:00:00+05:30,336.9,352.35,328.0,333.9,2475
2024-12-31 11:05:00+05:30,333.9,369.95,330.45,364.7,3075
2024-12-31 11:10:00+05:30,364.7,374.45,359.2,370.5,3600
2024-12-31 11:15:00+05:30,370.5,372.75,350.35,350.35,6150
2024-12-31 11:20:00+05:30,350.35,358.55,350.35,358.55,1050
2024-12-31 11:25:00+05:30,358.55,366.35,350.0,350.0,1200
2024-12-31 11:30:00+05:30,350.0,353.0,341.2,350.15,1725
2024-12-31 11:35:00+05:30,348.4,348.4,344.55,348.0,675
2024-12-31 11:40:00+05:30,348.0,371.35,348.0,371.35,750
2024-12-31 11:45:00+05:30,371.35,373.35,363.0,363.0,1200
2024-12-31 11:50:00+05:30,363.0,363.0,350.0,352.7,825
2024-12-31 11:55:00+05:30,352.7,352.7,349.85,349.85,150
2024-12-31 12:00:00+05:30,349.85,363.05,349.85,350.6,450
2024-12-31 12:05:00+05:30,350.6,350.6,334.5,344.0,1725
2024-12-31 12:10:00+05:30,344.0,348.8,344.0,345.8,225
2024-12-31 12:15:00+05:30,345.8,354.75,345.8,354.75,450
2024-12-31 12:20:00+05:30,354.75,365.0,352.4,363.9,1800
2024-12-31 12:25:00+05:30,363.9,370.3,360.75,365.05,3300
2024-12-31 12:30:00+05:30,365.4,375.0,358.1,373.2,2175
2024-12-31 12:35:00+05:30,373.2,378.0,355.55,355.7,675
2024-12-31 12:40:00+05:30,350.0,354.25,345.95,354.25,1500
2024-12-31 12:45:00+05:30,354.25,354.25,349.65,349.65,150
2024-12-31 12:50:00+05:30,349.65,349.65,344.9,348.65,300
2024-12-31 12:55:00+05:30,348.65,349.65,337.65,338.4,9150
2024-12-31 13:00:00+05:30,338.4,344.75,338.4,341.55,1350
2024-12-31 13:05:00+05:30,341.55,352.35,341.55,352.35,150
2024-12-31 13:10:00+05:30,352.35,352.35,350.0,350.0,75
2024-12-31 13:15:00+05:30,350.0,352.9,349.1,352.0,1050
2024-12-31 13:20:00+05:30,352.0,364.35,352.0,364.35,3600
2024-12-31 13:25:00+05:30,364.35,370.0,361.55,370.0,600
2024-12-31 13:30:00+05:30,370.0,371.45,364.0,364.5,825
2024-12-31 13:35:00+05:30,364.5,399.0,364.5,392.8,525
2024-12-31 13:40:00+05:30,392.8,401.65,380.55,385.6,1125
2024-12-31 13:45:00+05:30,385.6,389.0,384.85,384.85,375
2024-12-31 13:50:00+05:30,384.85,401.3,379.65,389.85,3900
2024-12-31 13:55:00+05:30,389.85,396.0,389.0,389.55,2175
2024-12-31 14:00:00+05:30,389.55,422.0,389.55,422.0,975
2024-12-31 14:05:00+05:30,416.5,437.0,416.5,428.05,3600
2024-12-31 14:10:00+05:30,428.05,428.05,417.5,422.05,225
2024-12-31 14:15:00+05:30,422.05,422.05,390.4,390.75,2625
2024-12-31 14:20:00+05:30,390.75,390.75,370.5,386.35,1200
2024-12-31 14:25:00+05:30,386.35,386.35,385.0,386.1,150
2024-12-31 14:30:00+05:30,386.1,386.1,374.75,374.75,900
2024-12-31 14:35:00+05:30,374.75,390.4,374.75,390.4,1350
2024-12-31 14:40:00+05:30,390.4,390.4,374.55,381.95,900
2024-12-31 14:45:00+05:30,381.95,391.2,381.95,391.2,825
2024-12-31 14:50:00+05:30,391.2,399.0,391.2,398.05,375
2024-12-31 14:55:00+05:30,398.05,400.5,390.45,400.5,150
2024-12-31 15:00:00+05:30,400.5,400.5,381.65,381.65,150
2024-12-31 15:05:00+05:30,381.65,381.65,381.65,381.65,0
2024-12-31 15:10:00+05:30,381.65,404.7,381.65,404.7,750
2024-12-31 15:15:00+05:30,404.7,404.7,393.05,394.0,375
2024-12-31 15:20:00+05:30,394.0,396.25,392.75,395.15,2325
2024-12-31 15:25:00+05:30,394.4,401.25,394.4,398.1,2100
2025-01-01 09:15:00+05:30,383.45,383.45,347.95,371.95,4800
2025-01-01 09:20:00+05:30,371.95,373.0,355.0,355.0,1425
2025-01-01 09:25:00+05:30,348.7,360.7,348.7,360.7,1275
2025-01-01 09:30:00+05:30,360.7,363.5,342.0,342.0,2625
2025-01-01 09:35:00+05:30,342.0,347.25,342.0,346.0,375
2025-01-01 09:40:00+05:30,346.0,351.0,340.05,346.75,2400
2025-01-01 09:45:00+05:30,346.75,346.75,332.0,332.0,3450
2025-01-01 09:50:00+05:30,332.0,338.2,332.0,338.2,1050
2025-01-01 09:55:00+05:30,331.0,344.95,331.0,344.45,1050
2025-01-01 10:00:00+05:30,344.45,349.45,337.75,338.65,675
2025-01-01 10:05:00+05:30,338.45,351.9,338.45,351.9,1800
2025-01-01 10:10:00+05:30,351.9,391.0,351.9,373.55,3450
2025-01-01 10:15:00+05:30,373.55,377.0,369.9,375.35,1875
2025-01-01 10:20:00+05:30,375.35,381.05,375.35,379.5,1350
2025-01-01 10:25:00+05:30,379.5,386.0,379.5,386.0,2925
2025-01-01 10:30:00+05:30,386.0,394.3,385.0,385.0,4275
2025-01-01 10:35:00+05:30,386.85,402.15,386.85,402.15,675
2025-01-01 10:40:00+05:30,402.15,405.1,395.5,395.5,150
2025-01-01 10:45:00+05:30,395.5,439.55,395.5,439.55,3525
2025-01-01 10:50:00+05:30,439.55,473.95,439.55,470.0,900
2025-01-01 10:55:00+05:30,470.0,470.5,459.5,466.35,1500
2025-01-01 11:00:00+05:30,466.35,467.8,452.75,452.75,3450
2025-01-01 11:05:00+05:30,452.75,463.6,444.5,458.0,1125
2025-01-01 11:10:00+05:30,458.0,460.45,448.75,457.7,5100
2025-01-01 11:15:00+05:30,457.7,478.0,457.7,467.95,450
2025-01-01 11:20:00+05:30,467.95,467.95,463.25,463.25,225
2025-01-01 11:25:00+05:30,463.25,463.25,442.8,442.8,975
2025-01-01 11:30:00+05:30,442.8,452.35,437.05,437.05,750
2025-01-01 11:35:00+05:30,437.05,437.05,430.4,431.0,600
2025-01-01 11:40:00+05:30,431.0,431.0,420.8,430.7,1050
2025-01-01 11:45:00+05:30,430.7,436.75,430.7,436.75,150
2025-01-01 11:50:00+05:30,430.55,434.35,419.0,422.55,600
2025-01-01 11:55:00+05:30,425.5,425.5,414.2,419.15,3150
2025-01-01 12:00:00+05:30,419.15,435.0,417.65,435.0,750
2025-01-01 12:05:00+05:30,435.0,437.0,434.4,437.0,300
2025-01-01 12:10:00+05:30,437.0,440.0,435.0,440.0,1425
2025-01-01 12:15:00+05:30,440.0,458.25,440.0,458.25,75
2025-01-01 12:20:00+05:30,458.25,482.85,458.25,482.85,1275
2025-01-01 12:25:00+05:30,482.85,482.85,482.85,482.85,0
2025-01-01 12:30:00+05:30,482.85,482.85,469.65,474.0,300
2025-01-01 12:35:00+05:30,474.0,474.0,473.15,473.15,75
2025-01-01 12:40:00+05:30,473.15,473.15,464.75,464.75,75
2025-01-01 12:45:00+05:30,464.75,471.9,464.75,471.9,75
2025-01-01 12:50:00+05:30,471.9,471.9,471.9,471.9,0
2025-01-01 12:55:00+05:30,471.9,471.9,471.9,471.9,0
2025-01-01 13:00:00+05:30,471.9,471.9,436.05,451.65,450
2025-01-01 13:05:00+05:30,451.65,452.35,448.3,452.35,375
2025-01-01 13:10:00+05:30,452.35,452.35,452.35,452.35,0
2025-01-01 13:15:00+05:30,452.35,453.25,450.25,453.0,300
2025-01-01 13:20:00+05:30,453.0,453.3,451.25,451.25,300
2025-01-01 13:25:00+05:30,451.25,451.25,451.25,451.25,0
2025-01-01 13:30:00+05:30,451.25,451.25,451.25,451.25,0
2025-01-01 13:35:00+05:30,451.25,451.25,451.25,451.25,0
2025-01-01 13:40:00+05:30,451.25,451.25,451.25,451.25,0
2025-01-01 13:45:00+05:30,451.25,459.0,451.25,459.0,75
2025-01-01 13:50:00+05:30,459.0,459.0,459.0,459.0,0
2025-01-01 13:55:00+05:30,459.0,490.45,459.0,490.45,300
2025-01-01 14:00:00+05:30,490.45,512.0,490.45,511.0,600
2025-01-01 14:05:00+05:30,511.0,511.0,489.05,489.05,600
2025-01-01 14:10:00+05:30,489.05,489.05,476.5,476.5,75
2025-01-01 14:15:00+05:30,476.5,476.5,466.15,466.15,300
2025-01-01 14:20:00+05:30,466.15,466.15,466.15,466.15,0
2025-01-01 14:25:00+05:30,466.15,467.15,466.15,467.15,150
2025-01-01 14:30:00+05:30,467.15,467.15,467.15,467.15,0
2025-01-01 14:35:00+05:30,467.15,485.25,467.15,475.9,225
2025-01-01 14:40:00+05:30,475.9,475.9,456.7,456.7,75
2025-01-01 14:45:00+05:30,456.7,456.7,456.7,456.7,0
2025-01-01 14:50:00+05:30,456.7,457.0,456.7,457.0,75
2025-01-01 14:55:00+05:30,457.0,457.0,438.6,450.0,300
2025-01-01 15:00:00+05:30,450.0,451.0,450.0,451.0,150
2025-01-01 15:05:00+05:30,449.1,449.1,442.0,447.05,375
2025-01-01 15:10:00+05:30,447.05,458.95,446.85,458.95,750
2025-01-01 15:15:00+05:30,458.95,458.95,458.95,458.95,0
2025-01-01 15:20:00+05:30,458.95,465.0,458.95,465.0,1500
2025-01-01 15:25:00+05:30,465.0,467.75,463.75,463.75,3900
2025-01-02 09:15:00+05:30,459.6,460.55,459.6,460.55,150
2025-01-02 09:20:00+05:30,459.15,459.15,451.0,457.95,450
2025-01-02 09:25:00+05:30,457.95,460.2,447.15,454.25,1575
2025-01-02 09:30:00+05:30,440.0,469.9,440.0,469.9,750
2025-01-02 09:35:00+05:30,469.9,493.5,464.05,486.05,2850
2025-01-02 09:40:00+05:30,486.05,497.0,486.05,492.6,300
2025-01-02 09:45:00+05:30,492.6,492.6,478.05,478.05,300
2025-01-02 09:50:00+05:30,478.05,478.05,468.1,468.1,450
2025-01-02 09:55:00+05:30,468.1,517.45,468.1,501.0,600
2025-01-02 10:00:00+05:30,501.0,501.0,501.0,501.0,0
2025-01-02 10:05:00+05:30,501.0,501.0,501.0,501.0,0
2025-01-02 10:10:00+05:30,501.0,501.0,500.0,500.0,225
2025-01-02 10:15:00+05:30,500.0,520.85,500.0,518.5,1275
2025-01-02 10:20:00+05:30,518.5,528.85,510.4,525.45,975
2025-01-02 10:25:00+05:30,528.6,528.65,513.6,520.1,600
2025-01-02 10:30:00+05:30,526.0,526.0,518.7,518.7,225
2025-01-02 10:35:00+05:30,518.7,530.0,512.0,512.0,825
2025-01-02 10:40:00+05:30,512.0,534.75,512.0,530.15,7950
2025-01-02 10:45:00+05:30,530.15,555.3,528.3,554.9,2700
2025-01-02 10:50:00+05:30,554.85,565.0,554.85,559.7,1350
2025-01-02 10:55:00+05:30,559.7,564.55,559.7,564.55,1425
2025-01-02 11:00:00+05:30,564.55,569.3,563.1,563.1,225
2025-01-02 11:05:00+05:30,563.1,563.1,563.1,563.1,0
2025-01-02 11:10:00+05:30,563.1,586.1,563.1,586.1,75
2025-01-02 11:15:00+05:30,586.1,589.25,574.9,575.4,525
2025-01-02 11:20:00+05:30,575.4,575.4,575.4,575.4,0
2025-01-02 11:25:00+05:30,575.4,594.0,575.4,594.0,1050
2025-01-02 11:30:00+05:30,594.0,597.3,593.9,593.9,600
2025-01-02 11:35:00+05:30,593.9,593.9,593.9,593.9,0
2025-01-02 11:40:00+05:30,593.9,593.9,581.6,581.6,450
2025-01-02 11:45:00+05:30,581.6,581.6,575.15,577.45,225
2025-01-02 11:50:00+05:30,577.45,577.45,570.95,570.95,75
2025-01-02 11:55:00+05:30,570.95,570.95,556.6,556.6,75
2025-01-02 12:00:00+05:30,576.75,593.9,576.75,580.7,750
2025-01-02 12:05:00+05:30,580.7,587.7,580.7,587.7,150
2025-01-02 12:10:00+05:30,587.7,587.7,587.7,587.7,0
2025-01-02 12:15:00+05:30,587.7,587.7,587.7,587.7,0
2025-01-02 12:20:00+05:30,587.7,587.7,587.7,587.7,0
2025-01-02 12:25:00+05:30,587.7,621.2,587.7,609.05,600
2025-01-02 12:30:00+05:30,609.05,609.05,609.05,609.05,0
2025-01-02 12:35:00+05:30,609.05,669.2,609.05,656.2,600
2025-01-02 12:40:00+05:30,656.2,684.05,656.2,660.2,375
2025-01-02 12:45:00+05:30,660.2,669.55,660.2,669.55,150
2025-01-02 12:50:00+05:30,669.55,669.55,655.0,655.0,750
2025-01-02 12:55:00+05:30,655.0,655.0,655.0,655.0,0
2025-01-02 13:00:00+05:30,655.0,655.0,655.0,655.0,0
2025-01-02 13:05:00+05:30,655.0,655.0,655.0,655.0,0
2025-01-02 13:10:00+05:30,655.0,655.0,655.0,655.0,0
2025-01-02 13:15:00+05:30,655.0,655.0,655.0,655.0,0
2025-01-02 13:20:00+05:30,655.0,705.85,655.0,701.65,225
2025-01-02 13:25:00+05:30,701.65,707.0,701.65,707.0,75
2025-01-02 13:30:00+05:30,707.0,707.0,707.0,707.0,0
2025-01-02 13:35:00+05:30,707.0,723.45,707.0,722.95,1500
2025-01-02 13:40:00+05:30,723.75,731.7,716.75,729.7,2625
2025-01-02 13:45:00+05:30,729.7,730.4,725.6,727.15,525
2025-01-02 13:50:00+05:30,727.15,727.15,723.45,725.0,150
2025-01-02 13:55:00+05:30,725.0,725.0,725.0,725.0,0
2025-01-02 14:00:00+05:30,725.0,725.0,725.0,725.0,0
2025-01-02 14:05:00+05:30,725.0,725.0,705.15,705.15,75
2025-01-02 14:10:00+05:30,705.15,705.15,705.15,705.15,0
2025-01-02 14:15:00+05:30,705.15,705.15,705.15,705.15,0
2025-01-02 14:20:00+05:30,705.15,736.35,705.15,736.35,75
2025-01-02 14:25:00+05:30,736.35,736.35,730.0,730.0,300
2025-01-02 14:30:00+05:30,730.0,736.8,730.0,736.8,75
2025-01-02 14:35:00+05:30,736.8,736.8,736.8,736.8,0
2025-01-02 14:40:00+05:30,736.8,749.6,736.8,749.6,150
2025-01-02 14:45:00+05:30,749.6,749.6,749.6,749.6,0
2025-01-02 14:50:00+05:30,749.6,749.6,749.6,749.6,0
2025-01-02 14:55:00+05:30,749.6,793.45,749.6,792.55,225
2025-01-02 15:00:00+05:30,792.55,792.55,775.45,775.45,375
2025-01-02 15:05:00+05:30,775.45,775.45,768.8,769.2,975
2025-01-02 15:10:00+05:30,769.2,769.2,766.15,766.15,300
2025-01-02 15:15:00+05:30,766.15,767.55,759.8,759.8,900
2025-01-02 15:20:00+05:30,759.8,762.0,757.25,759.45,975
2025-01-02 15:25:00+05:30,759.45,759.45,742.55,753.4,1050
2025-01-03 09:15:00+05:30,729.2,748.1,714.15,748.1,2325
2025-01-03 09:20:00+05:30,748.1,748.1,725.35,728.25,525
2025-01-03 09:25:00+05:30,728.25,728.25,705.75,706.85,375
2025-01-03 09:30:00+05:30,706.85,706.85,674.45,674.45,825
2025-01-03 09:35:00+05:30,674.45,674.45,664.95,665.05,450
2025-01-03 09:40:00+05:30,665.05,678.45,665.05,678.45,300
2025-01-03 09:45:00+05:30,678.45,678.45,640.0,640.0,75
2025-01-03 09:50:00+05:30,640.0,644.75,635.9,635.9,225
2025-01-03 09:55:00+05:30,635.9,635.9,628.45,628.45,75
2025-01-03 10:00:00+05:30,628.45,649.9,628.45,649.9,75
2025-01-03 10:05:00+05:30,649.9,649.9,624.1,624.1,150
2025-01-03 10:10:00+05:30,624.1,624.1,624.1,624.1,0
2025-01-03 10:15:00+05:30,624.1,624.1,598.4,610.75,150
2025-01-03 10:20:00+05:30,610.75,610.75,610.75,610.75,0
2025-01-03 10:25:00+05:30,610.75,610.75,610.75,610.75,0
2025-01-03 10:30:00+05:30,610.75,610.75,576.6,576.6,150
2025-01-03 10:35:00+05:30,576.6,581.4,566.85,581.4,2475
2025-01-03 10:40:00+05:30,581.4,581.4,581.4,581.4,0
2025-01-03 10:45:00+05:30,581.4,581.4,581.4,581.4,0
2025-01-03 10:50:00+05:30,581.4,581.4,581.4,581.4,0
2025-01-03 10:55:00+05:30,581.4,581.4,581.4,581.4,0
2025-01-03 11:00:00+05:30,581.4,583.3,581.4,581.5,225
2025-01-03 11:05:00+05:30,581.5,611.95,581.5,605.4,525
2025-01-03 11:10:00+05:30,605.4,606.6,605.4,606.6,75
2025-01-03 11:15:00+05:30,629.25,629.25,629.25,629.25,150
2025-01-03 11:20:00+05:30,629.25,667.1,629.25,667.1,375
2025-01-03 11:25:00+05:30,667.1,689.55,667.1,668.85,150
2025-01-03 11:30:00+05:30,668.85,668.85,668.85,668.85,0
2025-01-03 11:35:00+05:30,668.85,668.85,668.85,668.85,0
2025-01-03 11:40:00+05:30,668.85,668.85,668.85,668.85,0
2025-01-03 11:45:00+05:30,668.85,668.85,668.85,668.85,0
2025-01-03 11:50:00+05:30,668.85,668.85,668.85,668.85,0
2025-01-03 11:55:00+05:30,668.85,668.85,668.85,668.85,0
2025-01-03 12:00:00+05:30,668.85,697.45,668.85,696.65,150
2025-01-03 12:05:00+05:30,696.65,696.65,696.65,696.65,0
2025-01-03 12:10:00+05:30,696.65,696.65,696.65,696.65,0
2025-01-03 12:15:00+05:30,696.65,696.65,696.65,696.65,0
2025-01-03 12:20:00+05:30,696.65,696.65,623.45,628.1,150
2025-01-03 12:25:00+05:30,628.1,628.1,605.0,605.0,75
2025-01-03 12:30:00+05:30,605.0,605.0,605.0,605.0,0
2025-01-03 12:35:00+05:30,605.0,605.0,605.0,605.0,0
2025-01-03 12:40:00+05:30,605.0,605.0,605.0,605.0,0
2025-01-03 12:45:00+05:30,605.0,605.0,605.0,605.0,0
2025-01-03 12:50:00+05:30,605.0,618.7,605.0,617.7,600
2025-01-03 12:55:00+05:30,617.7,617.7,617.7,617.7,0
2025-01-03 13:00:00+05:30,617.7,617.7,617.7,617.7,0
2025-01-03 13:05:00+05:30,617.7,617.7,617.7,617.7,0
2025-01-03 13:10:00+05:30,617.7,617.7,617.7,617.7,0
2025-01-03 13:15:00+05:30,617.7,617.7,617.7,617.7,0
2025-01-03 13:20:00+05:30,617.7,664.75,617.7,664.75,225
2025-01-03 13:25:00+05:30,664.75,668.95,664.75,668.95,75
2025-01-03 13:30:00+05:30,668.95,668.95,668.95,668.95,0
2025-01-03 13:35:00+05:30,668.95,668.95,639.75,641.8,225
2025-01-03 13:40:00+05:30,641.8,645.85,638.25,639.15,225
2025-01-03 13:45:00+05:30,639.15,639.15,624.45,630.1,450
2025-01-03 13:50:00+05:30,630.1,631.05,628.65,631.05,150
2025-01-03 13:55:00+05:30,631.05,631.05,631.05,631.05,0
2025-01-03 14:00:00+05:30,631.05,631.05,587.05,587.05,1500
2025-01-03 14:05:00+05:30,587.05,592.8,583.55,583.55,225
2025-01-03 14:10:00+05:30,583.55,583.55,578.1,578.1,825
2025-01-03 14:15:00+05:30,578.1,578.1,568.75,568.75,75
2025-01-03 14:20:00+05:30,568.75,573.65,568.75,573.65,150
2025-01-03 14:25:00+05:30,573.65,573.65,573.65,573.65,0
2025-01-03 14:30:00+05:30,573.65,573.65,573.65,573.65,0
2025-01-03 14:35:00+05:30,573.65,573.65,573.65,573.65,0
2025-01-03 14:40:00+05:30,573.65,583.35,573.65,583.35,75
2025-01-03 14:45:00+05:30,583.35,583.35,583.35,583.35,0
2025-01-03 14:50:00+05:30,583.35,583.35,583.35,583.35,0
2025-01-03 14:55:00+05:30,583.35,583.35,583.35,583.35,0
2025-01-03 15:00:00+05:30,583.35,583.35,564.15,579.95,300
2025-01-03 15:05:00+05:30,579.95,579.95,549.85,557.75,2175
2025-01-03 15:10:00+05:30,557.75,582.3,557.75,582.3,150
2025-01-03 15:15:00+05:30,582.3,582.3,576.35,580.2,300
2025-01-03 15:20:00+05:30,569.75,569.75,561.55,561.55,450
2025-01-03 15:25:00+05:30,561.55,562.7,554.6,554.6,300
2025-01-06 09:15:00+05:30,575.45,591.9,575.45,580.55,675
2025-01-06 09:20:00+05:30,580.55,611.5,566.4,611.5,525
2025-01-06 09:25:00+05:30,611.5,611.5,571.05,571.05,825
2025-01-06 09:30:00+05:30,571.05,582.7,536.8,536.8,525
2025-01-06 09:35:00+05:30,529.0,535.0,458.6,493.0,5175
2025-01-06 09:40:00+05:30,493.0,526.45,493.0,525.2,375
2025-01-06 09:45:00+05:30,525.2,535.4,506.9,531.8,975
2025-01-06 09:50:00+05:30,537.1,539.35,521.95,539.35,300
2025-01-06 09:55:00+05:30,539.35,548.5,532.65,534.5,900
2025-01-06 10:00:00+05:30,534.5,571.4,534.5,555.4,1800
2025-01-06 10:05:00+05:30,555.4,581.15,553.9,581.15,2550
2025-01-06 10:10:00+05:30,581.15,590.4,581.15,590.4,150
2025-01-06 10:15:00+05:30,590.4,597.35,584.2,584.2,300
2025-01-06 10:20:00+05:30,584.2,584.2,548.7,548.7,450
2025-01-06 10:25:00+05:30,548.7,548.7,523.65,524.65,900
2025-01-06 10:30:00+05:30,517.15,517.15,516.3,516.3,225
2025-01-06 10:35:00+05:30,516.3,516.3,487.15,487.15,450
2025-01-06 10:40:00+05:30,487.15,487.15,441.25,441.25,1050
2025-01-06 10:45:00+05:30,435.2,435.2,419.6,435.0,1875
2025-01-06 10:50:00+05:30,435.0,435.0,410.25,418.5,1950
2025-01-06 10:55:00+05:30,409.7,417.3,400.0,411.2,1950
2025-01-06 11:00:00+05:30,411.2,411.2,395.0,397.7,1350
2025-01-06 11:05:00+05:30,397.7,401.2,382.0,382.0,2850
2025-01-06 11:10:00+05:30,382.0,382.0,344.7,361.05,8475
2025-01-06 11:15:00+05:30,355.0,374.5,340.5,372.35,7575
2025-01-06 11:20:00+05:30,372.35,381.5,352.85,358.15,10950
2025-01-06 11:25:00+05:30,358.15,380.8,354.25,373.2,15375
2025-01-06 11:30:00+05:30,377.4,390.0,360.0,360.0,3975
2025-01-06 11:35:00+05:30,359.95,372.1,345.2,355.65,15675
2025-01-06 11:40:00+05:30,355.4,358.25,327.0,333.2,27375
2025-01-06 11:45:00+05:30,333.2,335.95,291.0,297.25,65100
2025-01-06 11:50:00+05:30,297.25,307.5,287.15,290.45,59100
2025-01-06 11:55:00+05:30,290.45,294.55,282.05,288.85,38475
2025-01-06 12:00:00+05:30,289.7,340.0,289.1,324.25,98025
2025-01-06 12:05:00+05:30,320.55,348.7,320.55,327.95,37575
2025-01-06 12:10:00+05:30,327.95,360.0,327.0,353.2,28650
2025-01-06 12:15:00+05:30,351.5,361.5,324.55,331.6,24150
2025-01-06 12:20:00+05:30,331.6,355.75,331.6,339.95,15150
2025-01-06 12:25:00+05:30,339.8,347.1,314.1,314.1,28725
2025-01-06 12:30:00+05:30,314.1,341.3,314.0,337.4,33150
2025-01-06 12:35:00+05:30,337.4,370.1,337.4,365.0,24075
2025-01-06 12:40:00+05:30,363.0,380.35,352.0,363.3,20025
2025-01-06 12:45:00+05:30,363.3,371.0,346.0,364.85,15075
2025-01-06 12:50:00+05:30,365.65,365.65,340.1,348.0,12525
2025-01-06 12:55:00+05:30,348.0,384.9,346.1,381.35,10425
2025-01-06 13:00:00+05:30,381.35,390.9,351.15,364.3,9600
2025-01-06 13:05:00+05:30,361.0,364.3,349.45,357.9,8925
2025-01-06 13:10:00+05:30,357.9,357.9,340.3,347.35,15450
2025-01-06 13:15:00+05:30,347.2,347.2,323.55,325.0,31350
2025-01-06 13:20:00+05:30,325.0,331.5,313.5,314.85,24300
2025-01-06 13:25:00+05:30,314.85,323.25,311.1,319.95,26250
2025-01-06 13:30:00+05:30,318.85,318.85,292.15,303.7,45600
2025-01-06 13:35:00+05:30,303.7,321.0,303.7,315.3,22050
2025-01-06 13:40:00+05:30,316.5,320.0,303.3,306.9,14325
2025-01-06 13:45:00+05:30,306.9,309.4,293.7,295.15,12825
2025-01-06 13:50:00+05:30,294.5,299.0,283.0,284.3,27900
2025-01-06 13:55:00+05:30,283.65,304.0,283.65,300.65,24450
2025-01-06 14:00:00+05:30,300.65,311.0,295.85,303.5,20025
2025-01-06 14:05:00+05:30,303.5,317.65,299.55,316.4,22875
2025-01-06 14:10:00+05:30,317.65,320.0,291.6,293.5,21000
2025-01-06 14:15:00+05:30,293.5,315.0,292.8,308.1,27225
2025-01-06 14:20:00+05:30,310.05,318.3,301.15,303.1,16275
2025-01-06 14:25:00+05:30,303.6,303.6,289.9,292.0,20400
2025-01-06 14:30:00+05:30,291.85,296.3,280.5,284.95,33375
2025-01-06 14:35:00+05:30,284.95,291.4,266.75,267.4,46350
2025-01-06 14:40:00+05:30,267.6,280.95,263.65,273.6,55200
2025-01-06 14:45:00+05:30,273.6,291.0,270.0,287.35,55800
2025-01-06 14:50:00+05:30,288.25,300.95,281.0,295.65,56925
2025-01-06 14:55:00+05:30,295.65,306.1,286.35,306.1,30300
2025-01-06 15:00:00+05:30,306.1,313.5,291.6,293.9,41175
2025-01-06 15:05:00+05:30,293.9,302.25,286.0,296.8,18975
2025-01-06 15:10:00+05:30,302.0,303.8,273.6,277.95,51525
2025-01-06 15:15:00+05:30,279.45,290.8,277.2,290.8,82200
2025-01-06 15:20:00+05:30,291.4,304.5,291.25,299.85,57150
2025-01-06 15:25:00+05:30,300.7,311.55,297.05,300.8,36075
2025-01-07 09:15:00+05:30,339.0,373.65,330.6,362.15,41175
2025-01-07 09:20:00+05:30,362.15,384.1,345.75,379.85,27825
2025-01-07 09:25:00+05:30,379.85,385.4,344.65,376.3,36750
2025-01-07 09:30:00+05:30,378.0,393.35,361.35,382.8,24075
2025-01-07 09:35:00+05:30,382.8,385.5,364.25,376.5,13050
2025-01-07 09:40:00+05:30,376.5,387.0,371.8,378.05,8625
2025-01-07 09:45:00+05:30,378.05,378.05,307.35,312.25,63150
2025-01-07 09:50:00+05:30,311.4,328.7,301.25,312.4,60225
2025-01-07 09:55:00+05:30,316.6,329.6,297.05,306.6,32250
2025-01-07 10:00:00+05:30,305.75,312.0,280.05,282.65,46875
2025-01-07 10:05:00+05:30,282.45,300.6,278.35,281.4,40275
2025-01-07 10:10:00+05:30,281.9,360.4,280.65,360.4,68325
2025-01-07 10:15:00+05:30,364.5,376.95,335.55,348.8,34425
2025-01-07 10:20:00+05:30,345.0,350.15,323.55,332.45,17025
2025-01-07 10:25:00+05:30,332.55,360.1,330.35,358.95,19875
2025-01-07 10:30:00+05:30,362.0,362.0,338.35,345.1,14475
2025-01-07 10:35:00+05:30,345.1,355.8,328.7,330.0,14850
2025-01-07 10:40:00+05:30,330.0,344.9,328.6,344.7,5850
2025-01-07 10:45:00+05:30,344.7,367.55,342.0,359.5,18900
2025-01-07 10:50:00+05:30,359.5,359.5,314.05,320.15,16275
2025-01-07 10:55:00+05:30,322.35,330.75,319.3,327.3,6750
2025-01-07 11:00:00+05:30,333.55,351.5,332.0,345.85,10875
2025-01-07 11:05:00+05:30,345.85,352.0,321.95,325.55,9375
2025-01-07 11:10:00+05:30,325.55,335.85,325.45,333.35,4425
2025-01-07 11:15:00+05:30,334.65,336.65,322.55,336.65,4125
2025-01-07 11:20:00+05:30,336.65,346.95,327.1,342.55,4050
2025-01-07 11:25:00+05:30,341.95,355.5,338.6,353.7,13725
2025-01-07 11:30:00+05:30,349.05,374.0,337.75,359.25,13275
2025-01-07 11:35:00+05:30,360.45,365.35,349.4,349.4,9900
2025-01-07 11:40:00+05:30,348.6,353.2,339.25,339.3,5325
2025-01-07 11:45:00+05:30,340.85,345.0,331.8,334.15,4950
2025-01-07 11:50:00+05:30,336.5,356.15,336.35,354.2,3825
2025-01-07 11:55:00+05:30,354.8,354.8,330.6,335.95,7125
2025-01-07 12:00:00+05:30,335.95,340.25,319.7,323.85,8400
2025-01-07 12:05:00+05:30,323.85,333.55,317.15,319.55,6075
2025-01-07 12:10:00+05:30,319.55,321.0,305.05,314.85,9750
2025-01-07 12:15:00+05:30,319.0,320.35,309.9,310.6,6750
2025-01-07 12:20:00+05:30,312.0,314.0,304.0,309.35,17175
2025-01-07 12:25:00+05:30,309.35,319.8,306.55,312.45,13350
2025-01-07 12:30:00+05:30,312.45,325.0,309.0,318.7,13875
2025-01-07 12:35:00+05:30,318.7,322.75,310.0,310.8,6675
2025-01-07 12:40:00+05:30,310.8,323.35,310.5,320.55,6750
2025-01-07 12:45:00+05:30,322.0,329.05,318.0,325.3,6300
2025-01-07 12:50:00+05:30,325.3,327.3,320.6,325.0,4650
2025-01-07 12:55:00+05:30,325.0,325.0,304.85,311.35,8400
2025-01-07 13:00:00+05:30,311.35,315.25,306.55,309.4,5025
2025-01-07 13:05:00+05:30,309.4,322.9,309.4,322.75,3450
2025-01-07 13:10:00+05:30,318.85,322.35,312.0,314.05,3000
2025-01-07 13:15:00+05:30,314.05,315.7,310.0,310.0,3150
2025-01-07 13:20:00+05:30,310.0,315.1,308.0,313.2,4650
2025-01-07 13:25:00+05:30,313.2,317.15,309.25,317.05,3675
2025-01-07 13:30:00+05:30,317.05,347.75,316.7,344.0,17325
2025-01-07 13:35:00+05:30,344.15,344.15,330.75,334.6,6750
2025-01-07 13:40:00+05:30,334.6,337.05,313.85,315.0,7425
2025-01-07 13:45:00+05:30,315.0,323.75,307.2,311.8,5775
2025-01-07 13:50:00+05:30,311.8,318.0,291.0,297.55,18450
2025-01-07 13:55:00+05:30,296.9,302.55,282.8,287.0,18825
2025-01-07 14:00:00+05:30,286.6,299.7,286.6,293.55,14775
2025-01-07 14:05:00+05:30,289.65,310.65,288.9,305.25,14325
2025-01-07 14:10:00+05:30,310.0,314.4,301.15,308.0,11850
2025-01-07 14:15:00+05:30,310.8,320.1,303.0,319.05,8400
2025-01-07 14:20:00+05:30,319.05,321.0,302.0,303.8,8400
2025-01-07 14:25:00+05:30,303.8,303.8,291.0,296.0,8850
2025-01-07 14:30:00+05:30,294.9,297.35,287.1,297.35,5550
2025-01-07 14:35:00+05:30,297.35,297.35,286.0,286.8,8175
2025-01-07 14:40:00+05:30,286.8,297.0,286.05,289.0,13050
2025-01-07 14:45:00+05:30,287.0,298.0,279.65,288.9,12000
2025-01-07 14:50:00+05:30,288.9,296.95,288.9,294.0,12750
2025-01-07 14:55:00+05:30,294.0,309.3,293.0,298.4,20475
2025-01-07 15:00:00+05:30,308.3,310.85,295.2,301.85,13200
2025-01-07 15:05:00+05:30,299.5,299.5,291.0,294.0,8175
2025-01-07 15:10:00+05:30,292.75,300.9,289.1,292.65,8625
2025-01-07 15:15:00+05:30,292.6,294.0,285.55,289.7,9225
2025-01-07 15:20:00+05:30,289.1,291.0,285.4,291.0,18525
2025-01-07 15:25:00+05:30,290.65,291.15,285.0,286.6,16500
2025-01-08 09:15:00+05:30,286.25,286.3,248.95,250.45,47550
2025-01-08 09:20:00+05:30,248.95,250.25,226.0,231.55,76725
2025-01-08 09:25:00+05:30,232.1,238.3,212.0,215.9,139275
2025-01-08 09:30:00+05:30,215.9,225.0,202.4,204.35,107625
2025-01-08 09:35:00+05:30,203.4,253.95,203.4,240.75,197100
2025-01-08 09:40:00+05:30,239.8,264.85,225.0,227.4,133950
2025-01-08 09:45:00+05:30,227.05,229.05,203.95,208.35,133125
2025-01-08 09:50:00+05:30,207.5,252.3,206.9,248.9,138525
2025-01-08 09:55:00+05:30,248.1,263.65,230.4,245.45,116925
2025-01-08 10:00:00+05:30,245.45,254.4,229.9,250.3,70875
2025-01-08 10:05:00+05:30,248.95,260.0,217.6,217.6,84075
2025-01-08 10:10:00+05:30,217.6,234.7,216.35,234.5,69150
2025-01-08 10:15:00+05:30,234.9,252.1,233.25,233.25,79200
2025-01-08 10:20:00+05:30,232.6,233.15,187.3,190.6,167700
2025-01-08 10:25:00+05:30,188.2,189.95,171.65,187.1,317625
2025-01-08 10:30:00+05:30,186.65,190.0,174.4,177.35,232350
2025-01-08 10:35:00+05:30,177.7,185.0,164.8,173.0,237975
2025-01-08 10:40:00+05:30,173.0,177.25,144.0,146.6,605475
2025-01-08 10:45:00+05:30,146.35,161.0,145.7,157.4,405150
2025-01-08 10:50:00+05:30,157.6,161.3,150.65,154.45,306300
2025-01-08 10:55:00+05:30,153.7,158.85,148.5,154.9,282525
2025-01-08 11:00:00+05:30,154.5,166.5,147.6,151.05,457050
2025-01-08 11:05:00+05:30,150.55,155.0,143.9,150.0,297600
2025-01-08 11:10:00+05:30,150.6,159.75,147.8,151.75,310650
2025-01-08 11:15:00+05:30,150.0,169.25,138.95,162.5,565575
2025-01-08 11:20:00+05:30,162.3,162.3,135.1,146.0,553425
2025-01-08 11:25:00+05:30,145.95,168.65,144.55,164.9,508425
2025-01-08 11:30:00+05:30,165.35,179.95,159.6,171.45,602175
2025-01-08 11:35:00+05:30,171.45,181.55,157.05,161.75,369150
2025-01-08 11:40:00+05:30,163.0,168.4,153.7,156.55,287775
2025-01-08 11:45:00+05:30,156.75,157.95,144.0,149.5,372525
2025-01-08 11:50:00+05:30,149.45,150.6,141.9,146.0,273675
2025-01-08 11:55:00+05:30,146.65,152.55,141.95,143.65,304575
2025-01-08 12:00:00+05:30,142.9,142.9,130.05,137.3,627150
2025-01-08 12:05:00+05:30,138.0,142.95,129.2,139.35,512100
2025-01-08 12:10:00+05:30,139.95,141.4,124.3,125.5,576375
2025-01-08 12:15:00+05:30,125.75,132.45,123.85,131.7,548475
2025-01-08 12:20:00+05:30,131.7,142.8,130.3,139.3,566775
2025-01-08 12:25:00+05:30,139.65,139.65,127.65,130.5,508350
2025-01-08 12:30:00+05:30,130.5,131.8,119.0,121.75,765075
2025-01-08 12:35:00+05:30,121.5,127.15,114.15,124.0,862125
2025-01-08 12:40:00+05:30,125.35,131.15,117.0,130.6,1187475
2025-01-08 12:45:00+05:30,131.0,133.35,117.7,118.8,946950
2025-01-08 12:50:00+05:30,120.1,126.75,118.5,125.25,531075
2025-01-08 12:55:00+05:30,125.25,139.45,122.4,132.5,754125
2025-01-08 13:00:00+05:30,132.15,132.15,123.25,128.1,491775
2025-01-08 13:05:00+05:30,128.1,134.65,125.0,133.0,452400
2025-01-08 13:10:00+05:30,132.7,139.95,126.4,130.15,690900
2025-01-08 13:15:00+05:30,130.3,133.9,122.1,132.8,563475
2025-01-08 13:20:00+05:30,132.65,150.3,131.75,148.7,1195500
2025-01-08 13:25:00+05:30,148.8,165.1,143.85,154.1,1171500
2025-01-08 13:30:00+05:30,154.7,183.2,153.6,166.25,1138575
2025-01-08 13:35:00+05:30,167.05,175.0,152.15,156.1,588000
2025-01-08 13:40:00+05:30,156.25,218.5,156.0,210.6,1015125
2025-01-08 13:45:00+05:30,212.7,237.1,203.6,218.9,669675
2025-01-08 13:50:00+05:30,218.1,250.55,210.0,240.15,457650
2025-01-08 13:55:00+05:30,241.75,247.95,225.6,247.7,257475
2025-01-08 14:00:00+05:30,246.65,260.8,224.1,228.9,270975
2025-01-08 14:05:00+05:30,228.9,259.4,225.45,257.7,233925
2025-01-08 14:10:00+05:30,257.7,280.4,247.0,268.8,291300
2025-01-08 14:15:00+05:30,269.5,280.15,257.0,268.85,110700
2025-01-08 14:20:00+05:30,267.1,307.85,267.1,296.75,198300
2025-01-08 14:25:00+05:30,296.8,301.6,238.9,244.55,197250
2025-01-08 14:30:00+05:30,244.55,265.0,228.0,259.9,180675
2025-01-08 14:35:00+05:30,259.7,259.85,231.25,249.65,113250
2025-01-08 14:40:00+05:30,252.7,274.35,245.8,271.0,104925
2025-01-08 14:45:00+05:30,269.95,289.0,268.8,280.05,117300
2025-01-08 14:50:00+05:30,280.05,290.65,263.8,281.8,111750
2025-01-08 14:55:00+05:30,281.4,281.5,245.25,251.9,81375
2025-01-08 15:00:00+05:30,250.0,266.15,237.9,252.0,105975
2025-01-08 15:05:00+05:30,250.25,265.15,233.05,263.25,88725
2025-01-08 15:10:00+05:30,265.65,273.35,261.0,268.15,67725
2025-01-08 15:15:00+05:30,266.5,268.7,245.0,249.45,147075
2025-01-08 15:20:00+05:30,250.1,252.5,242.25,252.0,50775
2025-01-08 15:25:00+05:30,252.2,252.2,241.05,242.0,90075
2025-01-08 09:15:00+05:30,286.25,286.3,248.95,250.45,47550
2025-01-08 09:20:00+05:30,248.95,250.25,226.0,231.55,76725
2025-01-08 09:25:00+05:30,232.1,238.3,212.0,215.9,139275
2025-01-08 09:30:00+05:30,215.9,225.0,202.4,204.35,107625
2025-01-08 09:35:00+05:30,203.4,253.95,203.4,240.75,197100
2025-01-08 09:40:00+05:30,239.8,264.85,225.0,227.4,133950
2025-01-08 09:45:00+05:30,227.05,229.05,203.95,208.35,133125
2025-01-08 09:50:00+05:30,207.5,252.3,206.9,248.9,138525
2025-01-08 09:55:00+05:30,248.1,263.65,230.4,245.45,116925
2025-01-08 10:00:00+05:30,245.45,254.4,229.9,250.3,70875
2025-01-08 10:05:00+05:30,248.95,260.0,217.6,217.6,84075
2025-01-08 10:10:00+05:30,217.6,234.7,216.35,234.5,69150
2025-01-08 10:15:00+05:30,234.9,252.1,233.25,233.25,79200
2025-01-08 10:20:00+05:30,232.6,233.15,187.3,190.6,167700
2025-01-08 10:25:00+05:30,188.2,189.95,171.65,187.1,317625
2025-01-08 10:30:00+05:30,186.65,190.0,174.4,177.35,232350
2025-01-08 10:35:00+05:30,177.7,185.0,164.8,173.0,237975
2025-01-08 10:40:00+05:30,173.0,177.25,144.0,146.6,605475
2025-01-08 10:45:00+05:30,146.35,161.0,145.7,157.4,405150
2025-01-08 10:50:00+05:30,157.6,161.3,150.65,154.45,306300
2025-01-08 10:55:00+05:30,153.7,158.85,148.5,154.9,282525
2025-01-08 11:00:00+05:30,154.5,166.5,147.6,151.05,457050
2025-01-08 11:05:00+05:30,150.55,155.0,143.9,150.0,297600
2025-01-08 11:10:00+05:30,150.6,159.75,147.8,151.75,310650
2025-01-08 11:15:00+05:30,150.0,169.25,138.95,162.5,565575
2025-01-08 11:20:00+05:30,162.3,162.3,135.1,146.0,553425
2025-01-08 11:25:00+05:30,145.95,168.65,144.55,164.9,508425
2025-01-08 11:30:00+05:30,165.35,179.95,159.6,171.45,602175
2025-01-08 11:35:00+05:30,171.45,181.55,157.05,161.75,369150
2025-01-08 11:40:00+05:30,163.0,168.4,153.7,156.55,287775
2025-01-08 11:45:00+05:30,156.75,157.95,144.0,149.5,372525
2025-01-08 11:50:00+05:30,149.45,150.6,141.9,146.0,273675
2025-01-08 11:55:00+05:30,146.65,152.55,141.95,143.65,304575
2025-01-08 12:00:00+05:30,142.9,142.9,130.05,137.3,627150
2025-01-08 12:05:00+05:30,138.0,142.95,129.2,139.35,512100
2025-01-08 12:10:00+05:30,139.95,141.4,124.3,125.5,576375
2025-01-08 12:15:00+05:30,125.75,132.45,123.85,131.7,548475
2025-01-08 12:20:00+05:30,131.7,142.8,130.3,139.3,566775
2025-01-08 12:25:00+05:30,139.65,139.65,127.65,130.5,508350
2025-01-08 12:30:00+05:30,130.5,131.8,119.0,121.75,765075
2025-01-08 12:35:00+05:30,121.5,127.15,114.15,124.0,862125
2025-01-08 12:40:00+05:30,125.35,131.15,117.0,130.6,1187475
2025-01-08 12:45:00+05:30,131.0,133.35,117.7,118.8,946950
2025-01-08 12:50:00+05:30,120.1,126.75,118.5,125.25,531075
2025-01-08 12:55:00+05:30,125.25,139.45,122.4,132.5,754125
2025-01-08 13:00:00+05:30,132.15,132.15,123.25,128.1,491775
2025-01-08 13:05:00+05:30,128.1,134.65,125.0,133.0,452400
2025-01-08 13:10:00+05:30,132.7,139.95,126.4,130.15,690900
2025-01-08 13:15:00+05:30,130.3,133.9,122.1,132.8,563475
2025-01-08 13:20:00+05:30,132.65,150.3,131.75,148.7,1195500
2025-01-08 13:25:00+05:30,148.8,165.1,143.85,154.1,1171500
2025-01-08 13:30:00+05:30,154.7,183.2,153.6,166.25,1138575
2025-01-08 13:35:00+05:30,167.05,175.0,152.15,156.1,588000
2025-01-08 13:40:00+05:30,156.25,218.5,156.0,210.6,1015125
2025-01-08 13:45:00+05:30,212.7,237.1,203.6,218.9,669675
2025-01-08 13:50:00+05:30,218.1,250.55,210.0,240.15,457650
2025-01-08 13:55:00+05:30,241.75,247.95,225.6,247.7,257475
2025-01-08 14:00:00+05:30,246.65,260.8,224.1,228.9,270975
2025-01-08 14:05:00+05:30,228.9,259.4,225.45,257.7,233925
2025-01-08 14:10:00+05:30,257.7,280.4,247.0,268.8,291300
2025-01-08 14:15:00+05:30,269.5,280.15,257.0,268.85,110700
2025-01-08 14:20:00+05:30,267.1,307.85,267.1,296.75,198300
2025-01-08 14:25:00+05:30,296.8,301.6,238.9,244.55,197250
2025-01-08 14:30:00+05:30,244.55,265.0,228.0,259.9,180675
2025-01-08 14:35:00+05:30,259.7,259.85,231.25,249.65,113250
2025-01-08 14:40:00+05:30,252.7,274.35,245.8,271.0,104925
2025-01-08 14:45:00+05:30,269.95,289.0,268.8,280.05,117300
2025-01-08 14:50:00+05:30,280.05,290.65,263.8,281.8,111750
2025-01-08 14:55:00+05:30,281.4,281.5,245.25,251.9,81375
2025-01-08 15:00:00+05:30,250.0,266.15,237.9,252.0,105975
2025-01-08 15:05:00+05:30,250.25,265.15,233.05,263.25,88725
2025-01-08 15:10:00+05:30,265.65,273.35,261.0,268.15,67725
2025-01-08 15:15:00+05:30,266.5,268.7,245.0,249.45,147075
2025-01-08 15:20:00+05:30,250.1,252.5,242.25,252.0,50775
2025-01-08 15:25:00+05:30,252.2,252.2,241.05,242.0,90075
